{
  "tables": [
    {
      "name": "ChargingStation",
      "note": "各省充电桩数量统计",
      "columns": [
        {
          "name": "dtime",
          "type": "DATETIME",
          "precision": 26,
          "note": "时间"
        },
        {
          "name": "chongqing",
          "type": "INT",
          "precision": 10,
          "note": "公共类充电桩数量_重庆"
        },
        {
          "name": "beijing",
          "type": "INT",
          "precision": 10,
          "note": "公共类充电桩数量_北京"
        },
        {
          "name": "guangdong",
          "type": "INT",
          "precision": 10,
          "note": "公共类充电桩数量_广东"
        },
        {
          "name": "shanghai",
          "type": "INT",
          "precision": 10,
          "note": "公共类充电桩数量_上海"
        },
        {
          "name": "zhejiang",
          "type": "INT",
          "precision": 10,
          "note": "公共类充电桩数量_浙江"
        },
        {
          "name": "anhui",
          "type": "INT",
          "precision": 10,
          "note": "公共类充电桩数量_安徽"
        },
        {
          "name": "tianjin",
          "type": "INT",
          "precision": 10,
          "note": "公共类充电桩数量_天津"
        },
        {
          "name": "sichuan",
          "type": "INT",
          "precision": 10,
          "note": "公共类充电桩数量_四川"
        },
        {
          "name": "shandong",
          "type": "INT",
          "precision": 10,
          "note": "公共类充电桩数量_山东"
        },
        {
          "name": "jiangsu",
          "type": "INT",
          "precision": 10,
          "note": "公共类充电桩数量_江苏"
        },
        {
          "name": "zlz",
          "type": "INT",
          "precision": 10,
          "note": "公共类充电桩数量_直流桩_全国"
        },
        {
          "name": "jlz",
          "type": "INT",
          "precision": 10,
          "note": "公共类充电桩数量_交流桩_全国"
        }
      ]
    },
    {
      "name": "Gasoline",
      "note": "油价变动记录",
      "columns": [
        {
          "name": "dtime",
          "type": "DATETIME",
          "precision": 26,
          "note": "时间\\汽油零售价格"
        },
        {
          "name": "g98",
          "type": "DOUBLE",
          "scale": 6,
          "precision": 20,
          "note": "98号汽油，全国 (元/升)"
        },
        {
          "name": "g95",
          "type": "DOUBLE",
          "scale": 6,
          "precision": 20,
          "note": "95号汽油，全国 (元/升)"
        },
        {
          "name": "g92",
          "type": "DOUBLE",
          "scale": 6,
          "precision": 20,
          "note": "92号汽油，全国 (元/升)"
        }
      ]
    },
    {
      "name": "VehicleSales",
      "note": "新能源、纯电动、混合动力汽车销量统计",
      "columns": [
        {
          "name": "dtime",
          "type": "DATETIME",
          "precision": 26,
          "note": "时间"
        },
        {
          "name": "neProdVol",
          "type": "DOUBLE",
          "scale": 6,
          "precision": 20,
          "note": "新能源汽车产量,万辆"
        },
        {
          "name": "neSalesVol",
          "type": "DOUBLE",
          "scale": 6,
          "precision": 20,
          "note": "新能源汽车销量,万辆"
        },
        {
          "name": "elecProdVol",
          "type": "DOUBLE",
          "scale": 6,
          "precision": 20,
          "note": "纯电动汽车产量,万辆"
        },
        {
          "name": "elecSalesVol",
          "type": "DOUBLE",
          "scale": 6,
          "precision": 20,
          "note": "纯电动汽车销量,万辆"
        },
        {
          "name": "hybProdVol",
          "type": "DOUBLE",
          "scale": 6,
          "precision": 20,
          "note": "插电式混合动力汽车产量,万辆"
        },
        {
          "name": "hybSalesVol",
          "type": "DOUBLE",
          "scale": 6,
          "precision": 20,
          "note": "插电式混合动力汽车销量,万辆"
        }
      ]
    }
  ]
}